{
  "_fv": 79,
  "_type": "recipe",
  "definition": {
    "recipeType": "Crafting",
    "recipeRetstackSize": 8,
    "group": "",
    "unlockingItems": [
      {
        "value": "Items.WHEAT"
      },
      {
        "value": "Items.SUGAR"
      },
      {
        "value": "CUSTOM:ShelfMushroom"
      }
    ],
    "cookingBookCategory": "MISC",
    "xpReward": 0.0,
    "cookingTime": 200,
    "craftingBookCategory": "MISC",
    "recipeShapeless": false,
    "recipeSlots": [
      {
        "value": ""
      },
      {
        "value": ""
      },
      {
        "value": ""
      },
      {
        "value": "Items.SUGAR"
      },
      {
        "value": "CUSTOM:ShelfMushroom"
      },
      {
        "value": "Items.SUGAR"
      },
      {
        "value": "Items.WHEAT"
      },
      {
        "value": "Items.WHEAT"
      },
      {
        "value": "Items.WHEAT"
      }
    ],
    "recipeReturnStack": {
      "value": "CUSTOM:DeerBiscuit"
    },
    "name": "deer_biscuit_recipe",
    "namespace": "mod"
  }
}