{
  "_fv": 79,
  "_type": "structure",
  "definition": {
    "structure": "finalgnomehut",
    "projection": "rigid",
    "ignoredBlocks": [
      {
        "value": "Blocks.WATER"
      }
    ],
    "spacing": 5,
    "separation": 3,
    "restrictionBiomes": [
      {
        "value": "CUSTOM:WhisperingWoods"
      }
    ],
    "terrainAdaptation": "none",
    "generationStep": "SURFACE_STRUCTURES",
    "surfaceDetectionType": "WORLD_SURFACE",
    "useStartHeight": false,
    "startHeightProviderType": "UNIFORM",
    "startHeightMin": 0,
    "startHeightMax": 128,
    "size": 1,
    "maxDistanceFromCenter": 64,
    "jigsawPools": []
  }
}