{
  "_fv": 79,
  "_type": "recipe",
  "definition": {
    "recipeType": "Smoking",
    "recipeRetstackSize": 1,
    "group": "",
    "unlockingItems": [
      {
        "value": "CUSTOM:Venison"
      }
    ],
    "cookingBookCategory": "MISC",
    "xpReward": 0.35,
    "cookingTime": 100,
    "craftingBookCategory": "MISC",
    "recipeShapeless": false,
    "smokingInputStack": {
      "value": "CUSTOM:Venison"
    },
    "smokingReturnStack": {
      "value": "CUSTOM:CookedVenison"
    },
    "name": "venison_smoker_recipe",
    "namespace": "mod"
  }
}