{
  "_fv": 79,
  "_type": "procedure",
  "definition": {
    "procedurexml": "<xml xmlns=\"https://developers.google.com/blockly/xml\"><block type=\"event_trigger\" deletable=\"false\" x=\"40\" y=\"40\"><field name=\"trigger\">no_ext_trigger</field><next><block type=\"controls_if\"><value name=\"IF0\"><block type=\"compare_mcitems\"><value name=\"a\"><block type=\"entity_iteminhand\"><value name=\"entity\"><block type=\"entity_from_deps\"></block></value></block></value><value name=\"b\"><block type=\"mcitem_all\"><field name=\"value\">Items.SHEARS</field></block></value></block></value><statement name=\"DO0\"><block type=\"spawn_gem\"><field name=\"despawn\">TRUE</field><value name=\"block\"><block type=\"mcitem_all\"><field name=\"value\">CUSTOM:VioletLeaves</field></block></value><value name=\"x\"><block type=\"math_dual_ops\"><field name=\"OP\">ADD</field><value name=\"A\"><block type=\"coord_x\"></block></value><value name=\"B\"><block type=\"math_number\"><field name=\"NUM\">0.5</field></block></value></block></value><value name=\"y\"><block type=\"math_dual_ops\"><field name=\"OP\">ADD</field><value name=\"A\"><block type=\"coord_y\"></block></value><value name=\"B\"><block type=\"math_number\"><field name=\"NUM\">0.5</field></block></value></block></value><value name=\"z\"><block type=\"math_dual_ops\"><field name=\"OP\">ADD</field><value name=\"A\"><block type=\"coord_z\"></block></value><value name=\"B\"><block type=\"math_number\"><field name=\"NUM\">0.5</field></block></value></block></value><value name=\"pickUpDelay\"><block type=\"math_number\"><field name=\"NUM\">0</field></block></value><next><block type=\"return_logic\"><value name=\"return\"><block type=\"logic_boolean\"><field name=\"BOOL\">FALSE</field></block></value></block></next></block></statement><next><block type=\"return_logic\"><value name=\"return\"><block type=\"logic_boolean\"><field name=\"BOOL\">TRUE</field></block></value></block></next></block></next></block></xml>",
    "skipDependencyNullCheck": false
  }
}