{
  "_fv": 79,
  "_type": "livingentity",
  "definition": {
    "mobName": "Gnome",
    "mobLabel": "",
    "mobModelName": "Modelgnome_model",
    "mobModelTexture": "gnome_texture_pale.png",
    "transparentModelCondition": {
      "fixedValue": false
    },
    "isShakingCondition": {
      "fixedValue": false
    },
    "solidBoundingBox": {
      "fixedValue": false
    },
    "visualScale": {
      "fixedValue": 1.0
    },
    "boundingBoxScale": {
      "fixedValue": 1.0
    },
    "modelLayers": [
      {
        "model": "Modelgnome_model",
        "texture": "gnome_texture_medium.png",
        "disableHurtOverlay": false,
        "glow": false,
        "condition": {
          "name": "GnomeVariation1"
        }
      },
      {
        "model": "Modelgnome_model",
        "texture": "gnome_texture_var_dark.png",
        "disableHurtOverlay": false,
        "glow": false,
        "condition": {
          "name": "GnomeVariation2"
        }
      }
    ],
    "animations": [
      {
        "animation": {
          "value": "CUSTOM:gnome_modelAnimation.gnome_walk"
        },
        "speed": 1.0,
        "walking": true,
        "amplitude": 1.0
      }
    ],
    "modelWidth": 0.6,
    "modelHeight": 0.7999999999999999,
    "modelShadowSize": 0.5,
    "mountedYOffset": 0.0,
    "hasSpawnEgg": true,
    "spawnEggBaseColor": {
      "value": -13220549,
      "falpha": 0.0
    },
    "spawnEggDotColor": {
      "value": -9764864,
      "falpha": 0.0
    },
    "creativeTabs": [
      {
        "value": "MISC"
      }
    ],
    "isBoss": false,
    "bossBarColor": "PINK",
    "bossBarType": "PROGRESS",
    "equipmentMainHand": {
      "value": ""
    },
    "equipmentOffHand": {
      "value": ""
    },
    "equipmentHelmet": {
      "value": ""
    },
    "equipmentBody": {
      "value": ""
    },
    "equipmentLeggings": {
      "value": ""
    },
    "equipmentBoots": {
      "value": ""
    },
    "mobBehaviourType": "Mob",
    "mobCreatureType": "UNDEFINED",
    "attackStrength": 3,
    "attackKnockback": 0.7,
    "knockbackResistance": 0.30000000000000004,
    "movementSpeed": 0.30000000000000004,
    "stepHeight": 0.5,
    "armorBaseValue": 1.5,
    "trackingRange": 64,
    "followRange": 25,
    "health": 15,
    "xpAmount": 3,
    "waterMob": false,
    "breatheUnderwater": {
      "fixedValue": false
    },
    "pushedByFluids": {
      "fixedValue": true
    },
    "flyingMob": false,
    "inventorySize": 9,
    "inventoryStackSize": 99,
    "disableCollisions": false,
    "ridable": false,
    "canControlForward": false,
    "canControlStrafe": false,
    "immuneToFire": false,
    "immuneToArrows": false,
    "immuneToFallDamage": true,
    "immuneToCactus": false,
    "immuneToDrowning": false,
    "immuneToLightning": false,
    "immuneToPotions": false,
    "immuneToPlayer": false,
    "immuneToExplosion": false,
    "immuneToTrident": false,
    "immuneToAnvil": false,
    "immuneToWither": false,
    "immuneToDragonBreath": false,
    "mobDrop": {
      "value": ""
    },
    "livingSound": {
      "value": "CUSTOM:entity.gnome.ambient"
    },
    "hurtSound": {
      "value": "CUSTOM:entity.gnome.hurt"
    },
    "deathSound": {
      "value": "CUSTOM:entity.gnome.death"
    },
    "stepSound": {
      "value": "CUSTOM:entity.gnome.step"
    },
    "raidCelebrationSound": {
      "value": ""
    },
    "entityDataEntries": [
      {
        "min": -2147483648,
        "max": 2147483647,
        "name": "textureID",
        "type": "integer",
        "value": 0
      }
    ],
    "hasAI": true,
    "aiBase": "(none)",
    "aixml": "<xml xmlns=\"https://developers.google.com/blockly/xml\"><block type=\"aitasks_container\" deletable=\"false\" x=\"40\" y=\"40\"><next><block type=\"wander_avoid_water\"><field name=\"speed\">1</field><field name=\"condition\">null,null</field><next><block type=\"attack_action\"><field name=\"callhelp\">TRUE</field><field name=\"condition\">null,null</field><next><block type=\"attack_on_collide\"><field name=\"speed\">1.2</field><field name=\"longmemory\">FALSE</field><field name=\"condition\">null,null</field><next><block type=\"doors_open\"><field name=\"condition\">null,null</field><next><block type=\"move_indoors\"><field name=\"condition\">null,null</field><next><block type=\"look_around\"><field name=\"condition\">null,null</field><next><block type=\"swim_in_water\"><field name=\"condition\">null,null</field></block></next></block></next></block></next></block></next></block></next></block></next></block></next></block></xml>",
    "breedable": false,
    "tameable": false,
    "breedTriggerItems": [],
    "ranged": false,
    "rangedAttackItem": {
      "value": ""
    },
    "rangedItemType": "Default item",
    "rangedAttackInterval": 20,
    "rangedAttackRadius": 10.0,
    "spawnThisMob": true,
    "doesDespawnWhenIdle": true,
    "spawningProbability": 35,
    "mobSpawningType": "ambient",
    "minNumberOfMobsPerGroup": 3,
    "maxNumberOfMobsPerGroup": 7,
    "restrictionBiomes": [
      {
        "value": "CUSTOM:WhisperingWoods"
      }
    ],
    "spawnInDungeons": false,
    "raidSpawnsCount": [
      4,
      3,
      3,
      4,
      4,
      4,
      2
    ],
    "sensitiveToVibration": false,
    "vibrationalEvents": [],
    "vibrationSensitivityRadius": {
      "fixedValue": 7.0
    }
  }
}