{
  "has_precipitation": true,
  "temperature": 0.5,
  "downfall": 0.5,
  "effects": {
    "particle": {
      "options": {
        "type": "mycelium"
      },
      "probability": 0.02
    },
    "foliage_color": -10382555,
    "grass_color": -13344193,
    "sky_color": -6521691,
    "fog_color": -7773575,
    "water_color": -16737895,
    "water_fog_color": -12229789
  },
  "spawners": {
    "monster": [],
    "creature": [
      {
        "type": "creepy_cozy:ghost",
        "weight": 20,
        "minCount": 1,
        "maxCount": 5
      },
      {
        "type": "creepy_cozy:owl",
        "weight": 20,
        "minCount": 1,
        "maxCount": 3
      },
      {
        "type": "creepy_cozy:gnome",
        "weight": 20,
        "minCount": 3,
        "maxCount": 7
      }
    ],
    "ambient": [],
    "axolotls": [],
    "underground_water_creature": [],
    "water_creature": [],
    "water_ambient": [],
    "misc": []
  },
  "spawn_costs": {},
  "carvers": [
    "minecraft:cave",
    "minecraft:cave_extra_underground",
    "minecraft:canyon"
  ],
  "features": [
    [],
    [
      "minecraft:lake_lava_underground"
    ],
    [],
    [],
    [],
    [],
    [
      "minecraft:ore_coal_upper",
      "minecraft:ore_coal_lower",
      "minecraft:ore_iron_upper",
      "minecraft:ore_iron_middle",
      "minecraft:ore_iron_small",
      "minecraft:ore_gold",
      "minecraft:ore_gold_lower",
      "minecraft:ore_redstone",
      "minecraft:ore_redstone_lower",
      "minecraft:ore_diamond",
      "minecraft:ore_diamond_medium",
      "minecraft:ore_diamond_large",
      "minecraft:ore_diamond_buried",
      "minecraft:ore_lapis",
      "minecraft:ore_lapis_buried",
      "minecraft:ore_copper",
      "minecraft:underwater_magma"
    ],
    [],
    [],
    [
      "creepy_cozy:whispering_woods_tree"
    ],
    [
      "minecraft:freeze_top_layer"
    ]
  ]
}