{
	"format_version": "1.21.6",
	"credit": "Made with Blockbench",
	"elements": [
		{
			"name": "lowerbody",
			"from": [5, 4, 6],
			"to": [11, 13, 12],
			"rotation": {"angle": 20, "axis": "x", "origin": [7, 6, 8]},
			"color": 5,
			"faces": {
				"north": {"uv": [0, 0, 6, 9], "texture": "#missing"},
				"east": {"uv": [0, 0, 6, 9], "texture": "#missing"},
				"south": {"uv": [0, 0, 6, 9], "texture": "#missing"},
				"west": {"uv": [0, 0, 6, 9], "texture": "#missing"},
				"up": {"uv": [0, 0, 6, 6], "texture": "#missing"},
				"down": {"uv": [0, 0, 6, 6], "texture": "#missing"}
			}
		},
		{
			"name": "lowerbody",
			"from": [4.99, 7.99, 7.89],
			"to": [11.01, 15.01, 13.91],
			"rotation": {"angle": 5, "axis": "x", "origin": [7, 8, 9.9]},
			"color": 5,
			"faces": {
				"north": {"uv": [0, 0, 6, 7], "texture": "#missing"},
				"east": {"uv": [0, 0, 6, 7], "texture": "#missing"},
				"south": {"uv": [0, 0, 6, 7], "texture": "#missing"},
				"west": {"uv": [0, 0, 6, 7], "texture": "#missing"},
				"up": {"uv": [0, 0, 6, 6], "texture": "#missing"},
				"down": {"uv": [0, 0, 6, 6], "texture": "#missing"}
			}
		},
		{
			"name": "tail",
			"from": [5.5, 2.5, 5],
			"to": [10.5, 6.5, 7],
			"rotation": {"angle": 42.5, "axis": "x", "origin": [7, 4.5, 5]},
			"color": 2,
			"faces": {
				"north": {"uv": [0, 0, 5, 4], "texture": "#missing"},
				"east": {"uv": [0, 0, 2, 4], "texture": "#missing"},
				"south": {"uv": [0, 0, 5, 4], "texture": "#missing"},
				"west": {"uv": [0, 0, 2, 4], "texture": "#missing"},
				"up": {"uv": [0, 0, 5, 2], "texture": "#missing"},
				"down": {"uv": [0, 0, 5, 2], "texture": "#missing"}
			}
		},
		{
			"name": "lowertail",
			"from": [6.5, 1.5, 2],
			"to": [9.5, 2.5, 5],
			"rotation": {"angle": -40, "axis": "x", "origin": [7, 2.5, 3]},
			"color": 2,
			"faces": {
				"north": {"uv": [0, 0, 3, 1], "rotation": 180, "texture": "#missing"},
				"east": {"uv": [0, 0, 1, 3], "rotation": 270, "texture": "#missing"},
				"south": {"uv": [0, 0, 3, 1], "texture": "#missing"},
				"west": {"uv": [0, 0, 1, 3], "rotation": 90, "texture": "#missing"},
				"up": {"uv": [0, 0, 3, 3], "rotation": 180, "texture": "#missing"},
				"down": {"uv": [0, 0, 3, 3], "texture": "#missing"}
			}
		},
		{
			"from": [5.74422, 14.63383, 9.33687],
			"to": [9.99422, 19.13383, 14.33687],
			"rotation": {"angle": 0, "axis": "y", "origin": [7.24422, 15.63383, 12.33687]},
			"color": 3,
			"faces": {
				"north": {"uv": [0, 0, 4.25, 4.5], "texture": "#missing"},
				"east": {"uv": [0, 0, 5, 4.5], "texture": "#missing"},
				"south": {"uv": [0, 0, 4.25, 4.5], "texture": "#missing"},
				"west": {"uv": [0, 0, 5, 4.5], "texture": "#missing"},
				"up": {"uv": [0, 0, 5, 4.25], "rotation": 270, "texture": "#missing"},
				"down": {"uv": [0, 0, 5, 4.25], "rotation": 90, "texture": "#missing"}
			}
		}
	],
	"groups": [
		{
			"name": "body",
			"origin": [8, 8, 8],
			"color": 0,
			"children": [0, 1]
		},
		{
			"name": "tail",
			"origin": [8, 8, 8],
			"color": 0,
			"children": [2, 3]
		},
		{
			"name": "head",
			"origin": [8, 8, 8],
			"color": 0,
			"children": [4]
		}
	]
}