{
  "format_version": "1.21.6",
  "credit": "Made with Blockbench",
  "texture_size": [
    32,
    32
  ],
  "elements": [
    {
      "from": [
        8,
        5,
        12
      ],
      "to": [
        13,
        6,
        16
      ],
      "rotation": {
        "angle": 0,
        "axis": "y",
        "origin": [
          8,
          5,
          14
        ]
      },
      "faces": {
        "north": {
          "uv": [
            5,
            3.5,
            7.5,
            4
          ],
          "texture": "#0"
        },
        "east": {
          "uv": [
            6.5,
            0.5,
            8.5,
            1
          ],
          "texture": "#0"
        },
        "south": {
          "uv": [
            1.5,
            6,
            4,
            6.5
          ],
          "texture": "#0"
        },
        "west": {
          "uv": [
            6.5,
            1,
            8.5,
            1.5
          ],
          "texture": "#0"
        },
        "up": {
          "uv": [
            5,
            2,
            2.5,
            0
          ],
          "texture": "#0"
        },
        "down": {
          "uv": [
            5,
            2,
            2.5,
            4
          ],
          "texture": "#0"
        }
      }
    },
    {
      "from": [
        3,
        9,
        11
      ],
      "to": [
        8,
        10,
        16
      ],
      "rotation": {
        "angle": 0,
        "axis": "y",
        "origin": [
          2,
          9,
          14
        ]
      },
      "faces": {
        "north": {
          "uv": [
            5,
            1.5,
            7.5,
            2
          ],
          "texture": "#0"
        },
        "east": {
          "uv": [
            5,
            2,
            7.5,
            2.5
          ],
          "texture": "#0"
        },
        "south": {
          "uv": [
            5,
            2.5,
            7.5,
            3
          ],
          "texture": "#0"
        },
        "west": {
          "uv": [
            5,
            3,
            7.5,
            3.5
          ],
          "texture": "#0"
        },
        "up": {
          "uv": [
            2.5,
            2.5,
            0,
            0
          ],
          "texture": "#0"
        },
        "down": {
          "uv": [
            2.5,
            2.5,
            0,
            5
          ],
          "texture": "#0"
        }
      }
    },
    {
      "from": [
        9,
        4,
        13
      ],
      "to": [
        12,
        5,
        16
      ],
      "rotation": {
        "angle": 0,
        "axis": "y",
        "origin": [
          8,
          4,
          14
        ]
      },
      "faces": {
        "north": {
          "uv": [
            5.5,
            6.5,
            7,
            7
          ],
          "texture": "#0"
        },
        "east": {
          "uv": [
            6.5,
            5.5,
            8,
            6
          ],
          "texture": "#0"
        },
        "south": {
          "uv": [
            0,
            7,
            1.5,
            7.5
          ],
          "texture": "#0"
        },
        "west": {
          "uv": [
            1.5,
            7,
            3,
            7.5
          ],
          "texture": "#0"
        },
        "up": {
          "uv": [
            1.5,
            6.5,
            0,
            5
          ],
          "texture": "#0"
        },
        "down": {
          "uv": [
            6.5,
            0,
            5,
            1.5
          ],
          "texture": "#0"
        }
      }
    },
    {
      "from": [
        3,
        8,
        12
      ],
      "to": [
        7,
        9,
        16
      ],
      "rotation": {
        "angle": 0,
        "axis": "y",
        "origin": [
          2,
          8,
          14
        ]
      },
      "faces": {
        "north": {
          "uv": [
            4,
            6,
            6,
            6.5
          ],
          "texture": "#0"
        },
        "east": {
          "uv": [
            6,
            6,
            8,
            6.5
          ],
          "texture": "#0"
        },
        "south": {
          "uv": [
            0,
            6.5,
            2,
            7
          ],
          "texture": "#0"
        },
        "west": {
          "uv": [
            6.5,
            0,
            8.5,
            0.5
          ],
          "texture": "#0"
        },
        "up": {
          "uv": [
            4.5,
            6,
            2.5,
            4
          ],
          "texture": "#0"
        },
        "down": {
          "uv": [
            6.5,
            4,
            4.5,
            6
          ],
          "texture": "#0"
        }
      }
    },
    {
      "from": [
        2,
        9,
        13
      ],
      "to": [
        3,
        10,
        16
      ],
      "rotation": {
        "angle": 0,
        "axis": "y",
        "origin": [
          1,
          8,
          14
        ]
      },
      "faces": {
        "north": {
          "uv": [
            1.5,
            5,
            2,
            5.5
          ],
          "texture": "#0"
        },
        "east": {
          "uv": [
            2,
            6.5,
            3.5,
            7
          ],
          "texture": "#0"
        },
        "south": {
          "uv": [
            2,
            5,
            2.5,
            5.5
          ],
          "texture": "#0"
        },
        "west": {
          "uv": [
            3.5,
            6.5,
            5,
            7
          ],
          "texture": "#0"
        },
        "up": {
          "uv": [
            7,
            5.5,
            6.5,
            4
          ],
          "texture": "#0"
        },
        "down": {
          "uv": [
            5.5,
            6.5,
            5,
            8
          ],
          "texture": "#0"
        }
      }
    }
  ]
}