{
	"format_version": "1.21.6",
	"credit": "Made with Blockbench",
	"texture_size": [64, 64],
	"textures": {
		"5": "gnome_hat_texture"
	},
	"elements": [
		{
			"name": "hat_brim",
			"from": [5.49, 2.04, 5.79],
			"to": [10.51, 3.06, 6.81],
			"rotation": {"angle": 0, "axis": "y", "origin": [8, 2.55, 6.3]},
			"faces": {
				"north": {"uv": [5.25, 3.5, 6.5, 3.75], "texture": "#5"},
				"east": {"uv": [5, 3.5, 5.25, 3.75], "texture": "#5"},
				"south": {"uv": [6.75, 3.5, 8, 3.75], "texture": "#5"},
				"west": {"uv": [6.5, 3.5, 6.75, 3.75], "texture": "#5"},
				"up": {"uv": [6.5, 3.5, 5.25, 3.25], "texture": "#5"},
				"down": {"uv": [7.75, 3.25, 6.5, 3.5], "texture": "#5"}
			}
		},
		{
			"name": "hat_main_2",
			"from": [5.99, 2.89, 6.24],
			"to": [10.01, 3.91, 10.26],
			"rotation": {"angle": 0, "axis": "y", "origin": [8, 3.4, 8.25]},
			"faces": {
				"north": {"uv": [6, 1, 7, 1.25], "texture": "#5"},
				"east": {"uv": [5, 1, 6, 1.25], "texture": "#5"},
				"south": {"uv": [8, 1, 9, 1.25], "texture": "#5"},
				"west": {"uv": [7, 1, 8, 1.25], "texture": "#5"},
				"up": {"uv": [7, 1, 6, 0], "texture": "#5"},
				"down": {"uv": [8, 0, 7, 1], "texture": "#5"}
			}
		},
		{
			"name": "hat_main_3",
			"from": [6.49, 3.54945, 6.81879],
			"to": [9.51, 4.56945, 9.83879],
			"rotation": {"angle": 5, "axis": "x", "origin": [8, 4.05945, 8.32879]},
			"faces": {
				"north": {"uv": [5.75, 3, 6.5, 3.25], "texture": "#5"},
				"east": {"uv": [5, 3, 5.75, 3.25], "texture": "#5"},
				"south": {"uv": [7.25, 3, 8, 3.25], "texture": "#5"},
				"west": {"uv": [6.5, 3, 7.25, 3.25], "texture": "#5"},
				"up": {"uv": [6.5, 3, 5.75, 2.25], "texture": "#5"},
				"down": {"uv": [7.25, 2.25, 6.5, 3], "texture": "#5"}
			}
		},
		{
			"name": "hat_tip",
			"from": [6.99, 4.21972, 7.58634],
			"to": [9.01, 5.23972, 9.60634],
			"rotation": {"angle": 10, "axis": "x", "origin": [8, 4.72972, 8.59634]},
			"faces": {
				"north": {"uv": [2.5, 6.75, 3, 7], "texture": "#5"},
				"east": {"uv": [2, 6.75, 2.5, 7], "texture": "#5"},
				"south": {"uv": [3.5, 6.75, 4, 7], "texture": "#5"},
				"west": {"uv": [3, 6.75, 3.5, 7], "texture": "#5"},
				"up": {"uv": [3, 6.75, 2.5, 6.25], "texture": "#5"},
				"down": {"uv": [3.5, 6.25, 3, 6.75], "texture": "#5"}
			}
		},
		{
			"name": "hat_r_flap",
			"from": [5.5, 0.05, 6.75],
			"to": [6.5, 2.05, 7.75],
			"rotation": {"angle": 0, "axis": "y", "origin": [6, 1.05, 7.25]},
			"faces": {
				"north": {"uv": [7.75, 7.75, 8, 8.25], "texture": "#5"},
				"east": {"uv": [7.5, 7.75, 7.75, 8.25], "texture": "#5"},
				"south": {"uv": [8.25, 7.75, 8.5, 8.25], "texture": "#5"},
				"west": {"uv": [8, 7.75, 8.25, 8.25], "texture": "#5"},
				"up": {"uv": [8, 7.75, 7.75, 7.5], "texture": "#5"},
				"down": {"uv": [8.25, 7.5, 8, 7.75], "texture": "#5"}
			}
		},
		{
			"name": "hat_l_flap",
			"from": [9.5, 0.05, 6.75],
			"to": [10.5, 2.05, 7.75],
			"rotation": {"angle": 0, "axis": "y", "origin": [10, 1.05, 7.25]},
			"faces": {
				"north": {"uv": [0.25, 8, 0.5, 8.5], "texture": "#5"},
				"east": {"uv": [0, 8, 0.25, 8.5], "texture": "#5"},
				"south": {"uv": [0.75, 8, 1, 8.5], "texture": "#5"},
				"west": {"uv": [0.5, 8, 0.75, 8.5], "texture": "#5"},
				"up": {"uv": [0.5, 8, 0.25, 7.75], "texture": "#5"},
				"down": {"uv": [0.75, 7.75, 0.5, 8], "texture": "#5"}
			}
		},
		{
			"name": "hat_brim_right",
			"from": [5.48, 1.44988, 6.22645],
			"to": [6.52, 3.48988, 10.26645],
			"rotation": {"angle": 0, "axis": "y", "origin": [6.5, 1.46988, 7.24645]},
			"faces": {
				"north": {"uv": [0.75, 0.5, 1, 1], "texture": "#5"},
				"east": {"uv": [-0.25, 0.5, 0.75, 1], "texture": "#5"},
				"south": {"uv": [2, 0.5, 2.25, 1], "texture": "#5"},
				"west": {"uv": [1, 0.5, 2, 1], "texture": "#5"},
				"up": {"uv": [1, 0.5, 0.75, -0.5], "texture": "#5"},
				"down": {"uv": [1.25, -0.5, 1, 0.5], "texture": "#5"}
			}
		},
		{
			"name": "hat_brim_left",
			"from": [9.48, 1.44988, 6.22645],
			"to": [10.52, 3.48988, 10.26645],
			"rotation": {"angle": 0, "axis": "y", "origin": [10.5, 1.46988, 7.24645]},
			"faces": {
				"north": {"uv": [0.75, 0.5, 1, 1], "texture": "#5"},
				"east": {"uv": [-0.25, 0.5, 0.75, 1], "texture": "#5"},
				"south": {"uv": [2, 0.5, 2.25, 1], "texture": "#5"},
				"west": {"uv": [1, 0.5, 2, 1], "texture": "#5"},
				"up": {"uv": [1, 0.5, 0.75, -0.5], "texture": "#5"},
				"down": {"uv": [1.25, -0.5, 1, 0.5], "texture": "#5"}
			}
		},
		{
			"name": "hat_brim_front",
			"from": [6.48, 1.44988, 6.22645],
			"to": [9.52, 3.48988, 7.26645],
			"rotation": {"angle": 0, "axis": "y", "origin": [7.5, 1.46988, 7.24645]},
			"faces": {
				"north": {"uv": [0.25, 0.5, 1, 1], "texture": "#5"},
				"east": {"uv": [0, 0.5, 0.25, 1], "texture": "#5"},
				"south": {"uv": [1.25, 0.5, 2, 1], "texture": "#5"},
				"west": {"uv": [1, 0.5, 1.25, 1], "texture": "#5"},
				"up": {"uv": [1, 0.5, 0.25, 0.25], "texture": "#5"},
				"down": {"uv": [1.75, 0.25, 1, 0.5], "texture": "#5"}
			}
		},
		{
			"name": "hat_brim_front",
			"from": [6.48, 1.44988, 9.22645],
			"to": [9.52, 3.48988, 10.26645],
			"rotation": {"angle": 0, "axis": "y", "origin": [7.5, 1.46988, 10.24645]},
			"faces": {
				"north": {"uv": [0.25, 0.5, 1, 1], "texture": "#5"},
				"east": {"uv": [0, 0.5, 0.25, 1], "texture": "#5"},
				"south": {"uv": [1.25, 0.5, 2, 1], "texture": "#5"},
				"west": {"uv": [1, 0.5, 1.25, 1], "texture": "#5"},
				"up": {"uv": [1, 0.5, 0.25, 0.25], "texture": "#5"},
				"down": {"uv": [1.75, 0.25, 1, 0.5], "texture": "#5"}
			}
		}
	],
	"groups": [
		{
			"name": "hat",
			"origin": [8, 2.96988, 8.74645],
			"color": 0,
			"children": [0, 1, 2, 3, 4, 5, 6, 7, 8, 9]
		}
	]
}