{
  "_fv": 79,
  "_type": "procedure",
  "definition": {
    "procedurexml": "<xml xmlns=\"https://developers.google.com/blockly/xml\"><block type=\"event_trigger\" deletable=\"false\" x=\"40\" y=\"40\"><field name=\"trigger\">no_ext_trigger</field></block><block type=\"play_sound\" x=\"40\" y=\"123\"><field name=\"sound\"></field><field name=\"soundcategory\">neutral</field><value name=\"x\"><block type=\"coord_x\"></block></value><value name=\"y\"><block type=\"coord_y\"></block></value><value name=\"z\"><block type=\"coord_z\"></block></value><value name=\"level\"><block type=\"math_number\"><field name=\"NUM\">1</field></block></value><value name=\"pitch\"><block type=\"math_number\"><field name=\"NUM\">1</field></block></value></block></xml>",
    "skipDependencyNullCheck": false
  }
}