{
  "_fv": 79,
  "_type": "plant",
  "definition": {
    "renderType": 12,
    "texture": "violet_sapling",
    "textureBottom": "",
    "customModelName": "Cross model",
    "itemTexture": "",
    "particleTexture": "",
    "tintType": "No tint",
    "isItemTinted": false,
    "plantType": "normal",
    "suspiciousStewEffect": "SPEED",
    "suspiciousStewDuration": 100,
    "secondaryTreeChance": 0.1,
    "trees": [
      null,
      null
    ],
    "flowerTrees": [
      null,
      null
    ],
    "megaTrees": [
      null,
      null
    ],
    "growapableSpawnType": "Plains",
    "growapableMaxHeight": 3,
    "customBoundingBox": false,
    "disableOffset": false,
    "boundingBoxes": [
      {
        "mx": 0.0,
        "my": 0.0,
        "mz": 0.0,
        "Mx": 16.0,
        "My": 16.0,
        "Mz": 16.0,
        "subtract": false
      }
    ],
    "name": "Violet Tree Sappling",
    "specialInformation": {
      "fixedValue": []
    },
    "creativeTabs": [
      {
        "value": "DECORATIONS"
      }
    ],
    "hardness": 0.0,
    "resistance": 0.0,
    "luminance": 0,
    "unbreakable": false,
    "isSolid": false,
    "isWaterloggable": false,
    "hasBlockItem": true,
    "maxStackSize": 64,
    "rarity": "COMMON",
    "immuneToFire": false,
    "isCustomSoundType": false,
    "soundOnStep": {
      "value": "PLANT"
    },
    "breakSound": {
      "value": ""
    },
    "stepSound": {
      "value": ""
    },
    "placeSound": {
      "value": ""
    },
    "hitSound": {
      "value": ""
    },
    "fallSound": {
      "value": ""
    },
    "useLootTableForDrops": false,
    "customDrop": {
      "value": ""
    },
    "dropAmount": 1,
    "forceTicking": false,
    "emissiveRendering": false,
    "hasTileEntity": false,
    "isReplaceable": false,
    "colorOnMap": "DEFAULT",
    "creativePickItem": {
      "value": ""
    },
    "offsetType": "XZ",
    "aiPathNodeType": "DEFAULT",
    "ignitedByLava": false,
    "flammability": 100,
    "fireSpreadSpeed": 60,
    "jumpFactor": 1.0,
    "speedFactor": 1.0,
    "canBePlacedOn": [],
    "isBonemealable": false,
    "frequencyOnChunks": 5,
    "generateFeature": false,
    "restrictionBiomes": [],
    "generationType": "Flower",
    "patchSize": 64,
    "generateAtAnyHeight": false
  }
}