{
  "_fv": 79,
  "_type": "biome",
  "definition": {
    "name": "Whispering Woods",
    "groundBlock": {
      "value": "Blocks.GRASS"
    },
    "undergroundBlock": {
      "value": "Blocks.DIRT#0"
    },
    "underwaterBlock": {
      "value": "Blocks.GRAVEL"
    },
    "airColor": {
      "value": -11896914,
      "falpha": 0.0
    },
    "fogColor": {
      "value": -10986622,
      "falpha": 0.0
    },
    "grassColor": {
      "value": -13416648,
      "falpha": 0.0
    },
    "foliageColor": {
      "value": -13092261,
      "falpha": 0.0
    },
    "waterColor": {
      "value": -16737895,
      "falpha": 0.0
    },
    "waterFogColor": {
      "value": -12229789,
      "falpha": 0.0
    },
    "ambientSound": {
      "value": ""
    },
    "additionsSound": {
      "value": ""
    },
    "music": {
      "value": "CUSTOM:music.whispering_woods"
    },
    "moodSound": {
      "value": "CUSTOM:ambient.whispering_woods.mood"
    },
    "moodSoundDelay": 6000,
    "spawnParticles": true,
    "particleToSpawn": {
      "value": "CUSTOM:VioletFireflies"
    },
    "particlesProbability": 0.5,
    "rainingPossibility": 0.5,
    "temperature": 0.45000000000000007,
    "spawnBiome": true,
    "spawnInCaves": false,
    "spawnBiomeNether": false,
    "genTemperature": {
      "min": -0.5,
      "max": 0.5
    },
    "genHumidity": {
      "min": -0.5,
      "max": 0.5
    },
    "genContinentalness": {
      "min": 0.3,
      "max": 1.0
    },
    "genErosion": {
      "min": -0.25,
      "max": 0.25
    },
    "genWeirdness": {
      "min": -1.0,
      "max": 1.0
    },
    "treesPerChunk": 5,
    "vanillaTreeType": "Mega spruce trees",
    "treeType": 1,
    "minHeight": 7,
    "treeStem": {
      "value": "CUSTOM:VioletLog"
    },
    "treeBranch": {
      "value": "CUSTOM:VioletLeaves"
    },
    "treeVines": {
      "value": ""
    },
    "treeFruits": {
      "value": ""
    },
    "defaultFeatures": [
      "Caves",
      "Ores",
      "ForestGrass",
      "ForestFlowers"
    ],
    "spawnStronghold": false,
    "spawnMineshaft": true,
    "spawnMineshaftMesa": false,
    "spawnPillagerOutpost": false,
    "villageType": "none",
    "spawnWoodlandMansion": false,
    "spawnJungleTemple": false,
    "spawnDesertPyramid": false,
    "spawnSwampHut": false,
    "spawnIgloo": false,
    "spawnOceanMonument": false,
    "spawnShipwreck": false,
    "spawnShipwreckBeached": false,
    "spawnBuriedTreasure": false,
    "oceanRuinType": "NONE",
    "spawnNetherBridge": false,
    "spawnNetherFossil": false,
    "spawnBastionRemnant": false,
    "spawnEndCity": false,
    "spawnRuinedPortal": "NONE",
    "spawnEntries": [
      {
        "entity": {
          "value": "CUSTOM:Ghost"
        },
        "minGroup": 1,
        "maxGroup": 2,
        "weight": 20,
        "spawnType": "creature"
      },
      {
        "entity": {
          "value": "CUSTOM:Owl"
        },
        "minGroup": 1,
        "maxGroup": 3,
        "weight": 20,
        "spawnType": "creature"
      },
      {
        "entity": {
          "value": "CUSTOM:Gnome"
        },
        "minGroup": 3,
        "maxGroup": 7,
        "weight": 20,
        "spawnType": "creature"
      },
      {
        "entity": {
          "value": "CUSTOM:GhostFish"
        },
        "minGroup": 1,
        "maxGroup": 2,
        "weight": 20,
        "spawnType": "creature"
      },
      {
        "entity": {
          "value": "EntityCat"
        },
        "minGroup": 1,
        "maxGroup": 4,
        "weight": 20,
        "spawnType": "creature"
      }
    ]
  }
}