{
  "feature": "whispering_woods_mod:whispering_tree_feature",
  "placement": [
    {
      "type": "minecraft:biome"
    },
    {
      "type": "minecraft:in_square"
    },
    {
      "type": "minecraft:heightmap",
      "heightmap": "OCEAN_FLOOR_WG"
    },
    {
      "type": "minecraft:block_predicate_filter",
      "predicate": {
        "type": "minecraft:matching_blocks",
        "blocks": "#minecraft:dirt",
        "offset": [
          0,
          -1,
          0
        ]
      }
    }
  ]
}