{
  "_fv": 79,
  "_type": "procedure",
  "definition": {
    "procedurexml": "<xml xmlns=\"https://developers.google.com/blockly/xml\"><block type=\"event_trigger\" deletable=\"false\" x=\"40\" y=\"40\"><field name=\"trigger\">no_ext_trigger</field></block><block type=\"item_get_enhancement\" x=\"45\" y=\"163\"><field name=\"enhancement\">CUSTOM:BaneOfSpirits</field><value name=\"item\"><block type=\"itemstack_to_mcitem\"></block></value></block></xml>",
    "skipDependencyNullCheck": false
  }
}