{
  "has_precipitation": true,
  "temperature": 0.45,
  "downfall": 0.5,
  "effects": {
    "music": [
      {
        "weight": 1,
        "data": {
          "sound": "whispering_woods_mod:music.whispering_woods",
          "min_delay": 12000,
          "max_delay": 24000,
          "replace_current_music": true
        }
      }
    ],
    "particle": {
      "options": {
        "type": "whispering_woods_mod:violet_fireflies"
      },
      "probability": 0.005
    },
    "foliage_color": -52225,
    "grass_color": -13416648,
    "sky_color": -11896914,
    "fog_color": -10986622,
    "water_color": -16737895,
    "water_fog_color": -12229789
  },
  "spawners": {
    "monster": [],
    "creature": [
      {
        "type": "whispering_woods_mod:ghost",
        "weight": 20,
        "minCount": 1,
        "maxCount": 2
      },
      {
        "type": "whispering_woods_mod:owl",
        "weight": 20,
        "minCount": 1,
        "maxCount": 3
      },
      {
        "type": "whispering_woods_mod:gnome",
        "weight": 20,
        "minCount": 3,
        "maxCount": 7
      },
      {
        "type": "whispering_woods_mod:ghost_fish",
        "weight": 20,
        "minCount": 1,
        "maxCount": 2
      },
      {
        "type": "cat",
        "weight": 20,
        "minCount": 1,
        "maxCount": 4
      }
    ],
    "ambient": [],
    "axolotls": [],
    "underground_water_creature": [],
    "water_creature": [],
    "water_ambient": [],
    "misc": []
  },
  "spawn_costs": {},
  "carvers": [
    "minecraft:cave",
    "minecraft:cave_extra_underground",
    "minecraft:canyon"
  ],
  "features": [
    [],
    [
      "minecraft:lake_lava_underground"
    ],
    [],
    [],
    [],
    [],
    [
      "minecraft:ore_coal_upper",
      "minecraft:ore_coal_lower",
      "minecraft:ore_iron_upper",
      "minecraft:ore_iron_middle",
      "minecraft:ore_iron_small",
      "minecraft:ore_gold",
      "minecraft:ore_gold_lower",
      "minecraft:ore_redstone",
      "minecraft:ore_redstone_lower",
      "minecraft:ore_diamond",
      "minecraft:ore_diamond_medium",
      "minecraft:ore_diamond_large",
      "minecraft:ore_diamond_buried",
      "minecraft:ore_lapis",
      "minecraft:ore_lapis_buried",
      "minecraft:ore_copper",
      "minecraft:underwater_magma"
    ],
    [],
    [],
    [
      "whispering_woods_mod:whispering_woods_tree",
      "minecraft:forest_flowers",
      "minecraft:patch_grass_forest"
    ],
    []
  ]
}