{
  "parent": "block/cube",
  "textures": {
    "down": "whispering_woods_mod:block/stripped_voilet_log",
    "up": "whispering_woods_mod:block/stripped_voilet_log",
    "north": "whispering_woods_mod:block/stripped_voilet_log_1",
    "east": "whispering_woods_mod:block/stripped_voilet_log_1",
    "south": "whispering_woods_mod:block/stripped_voilet_log_1",
    "west": "whispering_woods_mod:block/stripped_voilet_log_1",
    "particle": "whispering_woods_mod:block/stripped_voilet_log"
  },
  "render_type": "solid"
}