{
  "_fv": 79,
  "_type": "plant",
  "definition": {
    "renderType": 12,
    "texture": "hauntedtulip_v2",
    "textureBottom": "",
    "customModelName": "Cross model",
    "itemTexture": "",
    "particleTexture": "",
    "tintType": "No tint",
    "isItemTinted": true,
    "plantType": "normal",
    "suspiciousStewEffect": "NIGHT_VISION",
    "suspiciousStewDuration": 100,
    "secondaryTreeChance": 0.1,
    "trees": [
      null,
      null
    ],
    "flowerTrees": [
      null,
      null
    ],
    "megaTrees": [
      null,
      null
    ],
    "growapableSpawnType": "Plains",
    "growapableMaxHeight": 3,
    "customBoundingBox": false,
    "disableOffset": false,
    "boundingBoxes": [
      {
        "mx": 0.0,
        "my": 0.0,
        "mz": 0.0,
        "Mx": 16.0,
        "My": 16.0,
        "Mz": 16.0,
        "subtract": false
      }
    ],
    "name": "Haunted Tulip",
    "specialInformation": {
      "fixedValue": []
    },
    "creativeTabs": [
      {
        "value": "DECORATIONS"
      }
    ],
    "hardness": 0.0,
    "resistance": 0.0,
    "luminance": 7,
    "unbreakable": false,
    "isSolid": false,
    "isWaterloggable": false,
    "hasBlockItem": true,
    "maxStackSize": 64,
    "rarity": "COMMON",
    "immuneToFire": true,
    "isCustomSoundType": false,
    "soundOnStep": {
      "value": "PLANT"
    },
    "breakSound": {
      "value": ""
    },
    "stepSound": {
      "value": ""
    },
    "placeSound": {
      "value": ""
    },
    "hitSound": {
      "value": ""
    },
    "fallSound": {
      "value": ""
    },
    "useLootTableForDrops": false,
    "customDrop": {
      "value": ""
    },
    "dropAmount": 1,
    "forceTicking": false,
    "emissiveRendering": true,
    "hasTileEntity": false,
    "isReplaceable": false,
    "colorOnMap": "DEFAULT",
    "creativePickItem": {
      "value": ""
    },
    "offsetType": "XZ",
    "aiPathNodeType": "DEFAULT",
    "ignitedByLava": false,
    "flammability": 100,
    "fireSpreadSpeed": 60,
    "jumpFactor": 1.0,
    "speedFactor": 1.0,
    "canBePlacedOn": [
      {
        "value": "Blocks.GRASS"
      },
      {
        "value": "Blocks.OBSIDIAN"
      },
      {
        "value": "Blocks.GRASS_PATH"
      },
      {
        "value": "Blocks.MYCELIUM"
      },
      {
        "value": "Blocks.DIRT"
      },
      {
        "value": "Blocks.DIRT#0"
      },
      {
        "value": "Blocks.DIRT#1"
      },
      {
        "value": "Blocks.DIRT#2"
      },
      {
        "value": "Blocks.ROOTED_DIRT"
      },
      {
        "value": "Blocks.MUD"
      },
      {
        "value": "Blocks.PACKED_MUD"
      }
    ],
    "isBonemealable": false,
    "frequencyOnChunks": 5,
    "generateFeature": true,
    "restrictionBiomes": [
      {
        "value": "CUSTOM:WhisperingWoods"
      }
    ],
    "generationType": "Flower",
    "patchSize": 35,
    "generateAtAnyHeight": false
  }
}