{
  "_fv": 79,
  "_type": "procedure",
  "definition": {
    "procedurexml": "<xml xmlns=\"https://developers.google.com/blockly/xml\"><block type=\"event_trigger\" deletable=\"false\" x=\"40\" y=\"40\"><field name=\"trigger\">no_ext_trigger</field><next><block type=\"controls_if\"><mutation else=\"1\"></mutation><value name=\"IF0\"><block type=\"math_binary_ops\"><field name=\"OP\">LT</field><value name=\"A\"><block type=\"math_number\"><field name=\"NUM\">5</field></block></value><value name=\"B\"><block type=\"math_dual_ops\"><field name=\"OP\">MINUS</field><value name=\"A\"><block type=\"entity_pos_y\"><value name=\"entity\"><block type=\"entity_from_deps\"></block></value></block></value><value name=\"B\"><block type=\"world_data_heightat\"><field name=\"heightType\">MOTION_BLOCKING_NO_LEAVES</field><value name=\"x\"><block type=\"coord_x\"></block></value><value name=\"z\"><block type=\"coord_z\"></block></value></block></value></block></value></block></value><statement name=\"DO0\"><block type=\"entity_set_movement\"><value name=\"entity\"><block type=\"entity_from_deps\"></block></value><value name=\"vx\"><block type=\"math_number\"><field name=\"NUM\">0</field></block></value><value name=\"vy\"><block type=\"math_number\"><field name=\"NUM\">-0.2</field></block></value><value name=\"vz\"><block type=\"math_number\"><field name=\"NUM\">0</field></block></value></block></statement><statement name=\"ELSE\"><block type=\"entity_set_movement\"><value name=\"entity\"><block type=\"entity_from_deps\"></block></value><value name=\"vx\"><block type=\"math_number\"><field name=\"NUM\">0</field></block></value><value name=\"vy\"><block type=\"math_number\"><field name=\"NUM\">0.2</field></block></value><value name=\"vz\"><block type=\"math_number\"><field name=\"NUM\">0</field></block></value></block></statement></block></next></block></xml>",
    "skipDependencyNullCheck": false
  }
}