{
  "_fv": 79,
  "_type": "feature",
  "definition": {
    "skipPlacement": false,
    "generationStep": "SURFACE_STRUCTURES",
    "restrictionBiomes": [],
    "generateCondition": {
      "name": "VioletTreeFeature0AdditionalGenerationCondition"
    },
    "featurexml": "<xml xmlns=\"https://developers.google.com/blockly/xml\"><block type=\"feature_container\" deletable=\"false\" x=\"40\" y=\"40\"><value name=\"feature\"><block type=\"feature_custom_structure\"><field name=\"structure\">violet_tree_0</field><field name=\"x\">-2</field><field name=\"y\">0</field><field name=\"z\">-2</field><field name=\"random_rotation\">FALSE</field><field name=\"random_mirror\">FALSE</field><value name=\"ignored_blocks\"><block type=\"block_holderset_list\"><mutation xmlns=\"http://www.w3.org/1999/xhtml\" inputs=\"2\"></mutation><field name=\"block0\">Blocks.AIR</field><field name=\"block1\">Blocks.STRUCTURE_VOID</field></block></value></block></value><next><block type=\"placement_biome_filter\"><next><block type=\"placement_in_square\"><next><block type=\"placement_heightmap\"><field name=\"heightmap\">OCEAN_FLOOR_WG</field><next><block type=\"placement_block_predicate_filter\"><value name=\"condition\"><block type=\"block_predicate_matching_blocks\"><field name=\"x\">0</field><field name=\"y\">-1</field><field name=\"z\">0</field><value name=\"blockSet\"><block type=\"block_holderset_tag\"><field name=\"tag\">minecraft:dirt</field></block></value></block></value></block></next></block></next></block></next></block></next></block></xml>"
  }
}