{
  "_fv": 79,
  "_type": "enchantment",
  "definition": {
    "name": "Bane Of Spirits",
    "supportedSlots": "any",
    "weight": 3,
    "anvilCost": 3,
    "maxLevel": 1,
    "damageModifier": 0,
    "incompatibleEnchantments": [],
    "supportedItems": [
      {
        "value": "Items.WOODEN_SWORD"
      },
      {
        "value": "Items.STONE_SWORD"
      },
      {
        "value": "Items.IRON_SWORD"
      },
      {
        "value": "Items.GOLDEN_SWORD"
      },
      {
        "value": "Items.DIAMOND_SWORD"
      },
      {
        "value": "Items.NETHERITE_SWORD"
      },
      {
        "value": "Items.WOODEN_AXE"
      },
      {
        "value": "Items.STONE_AXE"
      },
      {
        "value": "Items.IRON_AXE"
      },
      {
        "value": "Items.GOLDEN_AXE"
      },
      {
        "value": "Items.DIAMOND_AXE"
      },
      {
        "value": "Items.NETHERITE_AXE"
      },
      {
        "value": "Items.MACE"
      }
    ],
    "isTreasureEnchantment": false,
    "isCurse": false,
    "canGenerateInLootTables": true,
    "canVillagerTrade": true
  }
}