{
  "_fv": 79,
  "_type": "block",
  "definition": {
    "texture": "shelf_mushroom2",
    "textureTop": "",
    "textureLeft": "",
    "textureFront": "",
    "textureRight": "",
    "textureBack": "",
    "renderType": 2,
    "customModelName": "shelf_mushroom:default",
    "rotationMode": 3,
    "enablePitch": false,
    "emissiveRendering": false,
    "displayFluidOverlay": false,
    "animations": [],
    "itemTexture": "shelf_mushroom",
    "particleTexture": "",
    "blockSetType": "OAK",
    "tintType": "No tint",
    "isItemTinted": false,
    "hasTransparency": true,
    "connectedSides": false,
    "transparencyType": "SOLID",
    "disableOffset": false,
    "boundingBoxes": [
      {
        "mx": 8.0,
        "my": 5.0,
        "mz": 12.0,
        "Mx": 13.0,
        "My": 6.0,
        "Mz": 16.0,
        "subtract": false
      },
      {
        "mx": 3.0,
        "my": 9.0,
        "mz": 11.0,
        "Mx": 8.0,
        "My": 10.0,
        "Mz": 16.0,
        "subtract": false
      },
      {
        "mx": 9.0,
        "my": 4.0,
        "mz": 13.0,
        "Mx": 12.0,
        "My": 5.0,
        "Mz": 16.0,
        "subtract": false
      },
      {
        "mx": 3.0,
        "my": 8.0,
        "mz": 12.0,
        "Mx": 7.0,
        "My": 9.0,
        "Mz": 16.0,
        "subtract": false
      },
      {
        "mx": 2.0,
        "my": 9.0,
        "mz": 13.0,
        "Mx": 3.0,
        "My": 10.0,
        "Mz": 16.0,
        "subtract": false
      }
    ],
    "customProperties": [],
    "name": "Shelf Mushroom",
    "specialInformation": {
      "fixedValue": []
    },
    "hardness": 0.1,
    "resistance": 5.0,
    "hasGravity": false,
    "isWaterloggable": false,
    "hasBlockItem": true,
    "maxStackSize": 64,
    "rarity": "COMMON",
    "immuneToFire": false,
    "creativeTabs": [
      {
        "value": "FOOD"
      }
    ],
    "destroyTool": "Not specified",
    "customDrop": {
      "value": ""
    },
    "dropAmount": 1,
    "useLootTableForDrops": false,
    "requiresCorrectTool": false,
    "enchantPowerBonus": 0.0,
    "plantsGrowOn": false,
    "canRedstoneConnect": false,
    "lightOpacity": 0,
    "tickRate": 0,
    "tickRandomly": false,
    "isReplaceable": false,
    "canProvidePower": false,
    "emittedRedstonePower": {
      "fixedValue": 15.0
    },
    "colorOnMap": "RAW_IRON_PINK",
    "noteBlockInstrument": "basedrum",
    "creativePickItem": {
      "value": ""
    },
    "offsetType": "NONE",
    "aiPathNodeType": "COCOA",
    "ignitedByLava": false,
    "flammability": 0,
    "fireSpreadSpeed": 0,
    "isLadder": false,
    "slipperiness": 0.6,
    "speedFactor": 1.0,
    "jumpFactor": 1.1,
    "reactionToPushing": "DESTROY",
    "isNotColidable": false,
    "isCustomSoundType": false,
    "soundOnStep": {
      "value": "SNOW"
    },
    "breakSound": {
      "value": ""
    },
    "fallSound": {
      "value": ""
    },
    "hitSound": {
      "value": ""
    },
    "placeSound": {
      "value": ""
    },
    "stepSound": {
      "value": ""
    },
    "luminance": 0,
    "unbreakable": false,
    "vanillaToolTier": "NONE",
    "placingCondition": {
      "name": "ShelfMushroomBlockValidPlacementCondition"
    },
    "isBonemealable": false,
    "sensitiveToVibration": false,
    "vibrationalEvents": [],
    "vibrationSensitivityRadius": {
      "fixedValue": 7.0
    },
    "hasInventory": false,
    "openGUIOnRightClick": false,
    "inventorySize": 9,
    "inventoryStackSize": 99,
    "inventoryDropWhenDestroyed": true,
    "inventoryComparatorPower": true,
    "inventoryOutSlotIDs": [],
    "inventoryInSlotIDs": [],
    "hasEnergyStorage": false,
    "energyInitial": 0,
    "energyCapacity": 400000,
    "energyMaxReceive": 200,
    "energyMaxExtract": 200,
    "isFluidTank": false,
    "fluidCapacity": 8000,
    "fluidRestrictions": [],
    "generateFeature": false,
    "restrictionBiomes": [
      {
        "value": "CUSTOM:WhisperingWoods"
      }
    ],
    "blocksToReplace": [
      {
        "value": "Blocks.AIR"
      }
    ],
    "generationShape": "UNIFORM",
    "frequencyPerChunks": 10,
    "frequencyOnChunk": 3,
    "minGenerateHeight": 60,
    "maxGenerateHeight": 120
  }
}