{
  "has_precipitation": true,
  "temperature": 0.45,
  "downfall": 0.5,
  "effects": {
    "mood_sound": {
      "sound": "whispering_woods_mod:ambient.whispering_woods.mood",
      "tick_delay": 6000,
      "offset": 8,
      "block_search_extent": 2
    },
    "music": [
      {
        "weight": 1,
        "data": {
          "sound": "whispering_woods_mod:music.whispering_woods",
          "min_delay": 12000,
          "max_delay": 24000,
          "replace_current_music": true
        }
      }
    ],
    "particle": {
      "options": {
        "type": "whispering_woods_mod:violet_fireflies"
      },
      "probability": 0.005
    },
    "foliage_color": -13092261,
    "grass_color": -13416648,
    "sky_color": -11896914,
    "fog_color": -10986622,
    "water_color": -16737895,
    "water_fog_color": -12229789
  },
  "spawners": {
    "monster": [
      {
        "type": "enderman",
        "weight": 10,
        "minCount": 1,
        "maxCount": 3
      },
      {
        "type": "witch",
        "weight": 15,
        "minCount": 1,
        "maxCount": 2
      }
    ],
    "creature": [
      {
        "type": "cat",
        "weight": 20,
        "minCount": 1,
        "maxCount": 4
      },
      {
        "type": "pig",
        "weight": 20,
        "minCount": 4,
        "maxCount": 4
      }
    ],
    "ambient": [
      {
        "type": "bat",
        "weight": 20,
        "minCount": 2,
        "maxCount": 5
      }
    ],
    "axolotls": [],
    "underground_water_creature": [],
    "water_creature": [
      {
        "type": "glow_squid",
        "weight": 5,
        "minCount": 4,
        "maxCount": 4
      }
    ],
    "water_ambient": [],
    "misc": []
  },
  "spawn_costs": {},
  "carvers": [],
  "features": [
    [],
    [],
    [],
    [],
    [],
    [],
    [],
    [],
    [],
    [
      "whispering_woods_mod:whispering_woods_tree",
      "minecraft:patch_grass_forest",
      "minecraft:patch_sugar_cane",
      "minecraft:patch_pumpkin"
    ],
    []
  ]
}