{
  "parent": "neoforge:item/default",
  "loader": "neoforge:composite",
  "children": {
    "part1": {
      "loader": "neoforge:obj",
      "render_type": "cutout",
      "model": "whispering_woods_mod:models/item/model.obj",
      "emissive_ambient": true,
      "textures": {
        "m_6814015c-afb9-e497-b235-0d5a9e4f24e2": "whispering_woods_mod:block/gnome_hat_texture",
        "particle": "whispering_woods_mod:block/gnome_hat_texture"
      }
    }
  },
  "textures": {
    "particle": "whispering_woods_mod:block/gnome_hat_texture"
  },
  "render_type": "cutout"
}