{
  "entity.gnome.step": {
    "sounds": [
      {
        "name": "whispering_woods_mod:gnomemovement",
        "stream": false
      }
    ]
  },
  "music.whispering_woods": {
    "sounds": [
      {
        "name": "whispering_woods_mod:backtrack",
        "stream": true
      }
    ]
  },
  "entity.gnome.death": {
    "sounds": [
      {
        "name": "whispering_woods_mod:gnomedeath",
        "stream": false
      }
    ]
  },
  "ambient.whispering_woods.mood": {
    "sounds": [
      {
        "name": "whispering_woods_mod:girlslaughingambient",
        "stream": false
      }
    ]
  },
  "entity.ghost.step": {
    "sounds": [
      {
        "name": "whispering_woods_mod:ghostmovement",
        "stream": false
      }
    ]
  },
  "entity.ghost.death": {
    "sounds": [
      {
        "name": "whispering_woods_mod:ghostdeath",
        "stream": false
      }
    ]
  },
  "entity.deer.death": {
    "sounds": [
      {
        "name": "whispering_woods_mod:deerdeath",
        "stream": false
      }
    ]
  },
  "entity.deer.ambient": {
    "sounds": [
      {
        "name": "whispering_woods_mod:deerbreathing",
        "stream": false
      }
    ]
  },
  "ambient.whispering_woods.cave": {
    "sounds": [
      {
        "name": "whispering_woods_mod:cavedrips",
        "stream": false
      }
    ]
  },
  "entity.gnome.ambient": {
    "sounds": [
      {
        "name": "whispering_woods_mod:gnomejibberish3",
        "stream": false
      },
      {
        "name": "whispering_woods_mod:gnomejibberish2",
        "stream": false
      },
      {
        "name": "whispering_woods_mod:gnomejibberish",
        "stream": false
      }
    ]
  },
  "entity.gnome.hurt": {
    "sounds": [
      {
        "name": "whispering_woods_mod:gnomehurt2",
        "stream": false
      },
      {
        "name": "whispering_woods_mod:gnomehurt1",
        "stream": false
      }
    ]
  }
}