{
  "description": {
    "translate": "enchantment.whispering_woods_mod.bane_of_spirits"
  },
  "supported_items": [
    "minecraft:wooden_sword",
    "minecraft:stone_sword",
    "minecraft:iron_sword",
    "minecraft:golden_sword",
    "minecraft:diamond_sword",
    "minecraft:netherite_sword",
    "minecraft:wooden_axe",
    "minecraft:stone_axe",
    "minecraft:iron_axe",
    "minecraft:golden_axe",
    "minecraft:diamond_axe",
    "minecraft:netherite_axe",
    "minecraft:mace"
  ],
  "weight": 3,
  "max_level": 4,
  "min_cost": {
    "base": 1,
    "per_level_above_first": 10
  },
  "max_cost": {
    "base": 6,
    "per_level_above_first": 10
  },
  "anvil_cost": 3,
  "slots": [
    "any"
  ],
  "exclusive_set": []
}