{
  "_fv": 79,
  "_type": "procedure",
  "definition": {
    "procedurexml": "<xml xmlns=\"https://developers.google.com/blockly/xml\"><block type=\"event_trigger\" deletable=\"false\" x=\"40\" y=\"40\"><field name=\"trigger\">player_right_click_entity</field><next><block type=\"controls_if\"><value name=\"IF0\"><block type=\"entity_has_attribute\"><field name=\"attribute\">CUSTOM:GhostMob</field><value name=\"entity\"><block type=\"entity_from_deps\"></block></value></block></value><statement name=\"DO0\"><block type=\"text_print\"><value name=\"TEXT\"><block type=\"text\"><field name=\"TEXT\">You have hit a ghost</field></block></value><next><block type=\"controls_if\"><value name=\"IF0\"><block type=\"itemstack_has_enchantment\"><field name=\"enhancement\">CUSTOM:BaneOfSpirits</field><value name=\"item\"><block type=\"entity_get_use_item\"><value name=\"entity\"><block type=\"source_entity_from_deps\"></block></value></block></value></block></value><statement name=\"DO0\"><block type=\"text_print\"><value name=\"TEXT\"><block type=\"text\"><field name=\"TEXT\">You are using bane of spirits</field></block></value></block></statement></block></next></block></statement></block></next></block><block type=\"entity_get_use_item\" x=\"724\" y=\"246\"><value name=\"entity\"><block type=\"entity_from_deps\"></block></value></block><block type=\"entity_disable_damage\" x=\"857\" y=\"324\"><value name=\"entity\"><block type=\"entity_from_deps\"></block></value><value name=\"condition\"><block type=\"logic_boolean\"><field name=\"BOOL\">TRUE</field></block></value></block><block type=\"source_entity_from_deps\" x=\"524\" y=\"392\"></block><block type=\"entity_from_deps\" x=\"770\" y=\"508\"></block><block type=\"itemstack_to_mcitem\" x=\"279\" y=\"561\"></block></xml>",
    "skipDependencyNullCheck": false
  }
}