{
  "_fv": 79,
  "_type": "procedure",
  "definition": {
    "procedurexml": "<xml xmlns=\"https://developers.google.com/blockly/xml\"><variables><variable type=\"Number\" id=\"random\">random</variable></variables><block type=\"event_trigger\" deletable=\"false\" x=\"40\" y=\"40\"><field name=\"trigger\">no_ext_trigger</field><next><block type=\"variables_set_number\"><mutation xmlns=\"http://www.w3.org/1999/xhtml\" is_player_var=\"false\" has_entity=\"false\"></mutation><field name=\"VAR\">local:random</field><value name=\"VAL\"><block type=\"math_random_int_between\"><value name=\"min\"><block type=\"math_number\"><field name=\"NUM\">1</field></block></value><value name=\"max\"><block type=\"math_number\"><field name=\"NUM\">100</field></block></value></block></value><next><block type=\"return_logic\"><value name=\"return\"><block type=\"math_binary_ops\"><field name=\"OP\">LTE</field><value name=\"A\"><block type=\"variables_get_number\"><mutation xmlns=\"http://www.w3.org/1999/xhtml\" is_player_var=\"false\" has_entity=\"false\"></mutation><field name=\"VAR\">local:random</field></block></value><value name=\"B\"><block type=\"math_number\"><field name=\"NUM\">45</field></block></value></block></value></block></next></block></next></block><block type=\"world_send_chat\" x=\"35\" y=\"329\"><value name=\"text\"><block type=\"text\"><field name=\"TEXT\">Bone Meal Success</field></block></value></block></xml>",
    "skipDependencyNullCheck": false
  }
}