{
  "_fv": 79,
  "_type": "procedure",
  "definition": {
    "procedurexml": "<xml xmlns=\"https://developers.google.com/blockly/xml\"><variables><variable type=\"Boolean\" id=\"success\">success</variable></variables><block type=\"event_trigger\" deletable=\"false\" x=\"40\" y=\"40\"><field name=\"trigger\">no_ext_trigger</field><next><block type=\"variables_set_logic\"><mutation xmlns=\"http://www.w3.org/1999/xhtml\" is_player_var=\"false\" has_entity=\"false\"></mutation><field name=\"VAR\">local:success</field><value name=\"VAL\"><block type=\"logic_boolean\"><field name=\"BOOL\">TRUE</field></block></value><next><block type=\"controls_if\"><value name=\"IF0\"><block type=\"logic_binary_ops\" inline=\"false\"><field name=\"OP\">OR</field><value name=\"A\"><block type=\"logic_negate\"><value name=\"BOOL\"><block type=\"world_data_isair\"><value name=\"x\"><block type=\"coord_x\"></block></value><value name=\"y\"><block type=\"math_dual_ops\"><field name=\"OP\">ADD</field><value name=\"A\"><block type=\"coord_y\"></block></value><value name=\"B\"><block type=\"math_number\"><field name=\"NUM\">1</field></block></value></block></value><value name=\"z\"><block type=\"coord_z\"></block></value></block></value></block></value><value name=\"B\"><block type=\"logic_negate\"><value name=\"BOOL\"><block type=\"world_data_isair\"><value name=\"x\"><block type=\"coord_x\"></block></value><value name=\"y\"><block type=\"math_dual_ops\"><field name=\"OP\">ADD</field><value name=\"A\"><block type=\"coord_y\"></block></value><value name=\"B\"><block type=\"math_number\"><field name=\"NUM\">2</field></block></value></block></value><value name=\"z\"><block type=\"coord_z\"></block></value></block></value></block></value></block></value><statement name=\"DO0\"><block type=\"variables_set_logic\"><mutation xmlns=\"http://www.w3.org/1999/xhtml\" is_player_var=\"false\" has_entity=\"false\"></mutation><field name=\"VAR\">local:success</field><value name=\"VAL\"><block type=\"logic_boolean\"><field name=\"BOOL\">FALSE</field></block></value></block></statement></block></next></block></next></block><block type=\"controls_if\" x=\"77\" y=\"376\"><value name=\"IF0\"><block type=\"variables_get_logic\"><mutation xmlns=\"http://www.w3.org/1999/xhtml\" is_player_var=\"false\" has_entity=\"false\"></mutation><field name=\"VAR\">local:success</field></block></value></block></xml>",
    "skipDependencyNullCheck": false
  }
}